<?xml version="1.0" encoding="UTF-8" ?>
<!DOCTYPE mapper PUBLIC "-//mybatis.org//DTD Mapper 3.0//EN" "http://mybatis.org/dtd/mybatis-3-mapper.dtd">

<mapper namespace="BbsDAO">

    <!-- 게시물 리스트 -->
    <select id="getBbsList" resultType="bbs">
        <![CDATA[
        select *,count(*) over() as cnt_total
        from ppomppu
        where date >=#{StartDate} and date<=#{EndDate}
        ]]>
        <if test="searchCondition == 'TITLE'">
            and l_title like '%'||#{searchKeyword}||'%'
        </if>
        <if test="searchCondition == 'KEYWORD'">
            and category like '%'||#{searchKeyword}||'%'
        </if>
        <if test="searchCondition == 'CONTENT'">
            and maincontent like '%'||#{searchKeyword}||'%'
        </if>
        limit #{perPageNum} offset #{pageStart}
    </select>

    <!-- 일자별 게시물 숫자 -->
    <select id="getBbsCount" resultType="bbs">
	<![CDATA[
        select count(date) as cnt,
            date
        from ppomppu
        where date >=#{StartDate} and date<=#{EndDate}
        group by date
        order by date
                asc
        ]]>
	</select>

</mapper>